{"regret_validation": [0.05692444245020545, 0.011351505915323856, 0.011351505915323856, 0.011351505915323856, 0.011351505915323856, 0.011351505915323856, 0.011351505915323856, 0.011351505915323856, 0.011351505915323856, 0.011351505915323856, 0.011351505915323856, 0.011351505915323856, 0.011351505915323856, 0.011351505915323856, 0.011351505915323856, 0.011351505915323856, 0.011351505915323856, 0.007144788901011112, 0.007144788901011112, 0.007144788901011112, 0.007144788901011112, 0.007144788901011112, 0.007144788901011112, 0.007144788901011112, 0.007144788901011112, 0.007144788901011112, 0.007144788901011112, 0.007144788901011112, 0.007144788901011112, 0.007144788901011112, 0.007144788901011112, 0.007144788901011112, 0.007144788901011112, 0.007144788901011112, 0.007144788901011112, 0.007144788901011112, 0.007144788901011112, 0.007144788901011112, 0.007144788901011112, 0.007144788901011112, 0.007144788901011112, 0.007144788901011112, 0.007144788901011112, 0.007144788901011112, 0.007144788901011112, 0.007144788901011112, 0.007144788901011112, 0.007144788901011112, 0.007144788901011112, 0.007144788901011112, 0.007144788901011112, 0.007144788901011112, 0.007144788901011112, 0.007144788901011112, 0.007144788901011112, 0.007144788901011112, 0.007144788901011112, 0.007144788901011112, 0.007144788901011112, 0.007144788901011112, 0.007144788901011112, 0.007144788901011112, 0.007144788901011112, 0.007144788901011112], "regret_test": [0.06300079822540283, 0.010884086290995354, 0.010884086290995354, 0.010884086290995354, 0.010884086290995354, 0.010884086290995354, 0.010884086290995354, 0.010884086290995354, 0.010884086290995354, 0.010884086290995354, 0.010884086290995354, 0.010884086290995354, 0.010884086290995354, 0.010884086290995354, 0.010884086290995354, 0.010884086290995354, 0.010884086290995354, 0.010884086290995354, 0.010884086290995354, 0.010884086290995354, 0.010884086290995354, 0.010884086290995354, 0.010884086290995354, 0.010884086290995354, 0.010884086290995354, 0.010884086290995354, 0.010884086290995354, 0.010884086290995354, 0.010884086290995354, 0.010884086290995354, 0.010884086290995354, 0.010884086290995354, 0.010884086290995354, 0.010884086290995354, 0.010884086290995354, 0.010884086290995354, 0.010884086290995354, 0.010884086290995354, 0.010884086290995354, 0.010884086290995354, 0.010884086290995354, 0.010884086290995354, 0.010884086290995354, 0.010884086290995354, 0.010884086290995354, 0.010884086290995354, 0.010884086290995354, 0.010884086290995354, 0.010884086290995354, 0.010884086290995354, 0.010884086290995354, 0.010884086290995354, 0.010884086290995354, 0.010884086290995354, 0.010884086290995354, 0.010884086290995354, 0.010884086290995354, 0.010884086290995354, 0.010884086290995354, 0.010884086290995354, 0.010884086290995354, 0.010884086290995354, 0.010884086290995354, 0.010884086290995354], "runtime": [1262.847900390625, 2864.614990234375, 3148.8579711914062, 4750.625061035156, 5987.346008300781, 6272.384033203125, 7874.151123046875, 8159.189147949219, 9577.852233886719, 11642.400085449219, 12802.213073730469, 13961.080993652344, 14245.300994873047, 14529.543975830078, 14814.582000732422, 16611.239959716797, 18543.019012451172, 20143.385955810547, 21745.153045654297, 23345.519989013672, 25596.863983154297, 26833.584930419922, 28434.20492553711, 30217.319915771484, 31817.939910888672, 33418.30685424805, 34671.924896240234, 36312.31088256836, 36597.3489074707, 36882.38693237305, 38482.75387573242, 40083.37387084961, 41685.14096069336, 42634.81491088867, 44236.58200073242, 46487.92599487305, 48088.29293823242, 48372.53591918945, 49972.90286254883, 50257.94088745117, 50542.978912353516, 52143.34585571289, 54117.90481567383, 54402.14779663086, 56240.780853271484, 57841.40084838867, 59074.3268737793, 60674.69381713867, 62349.25180053711, 62633.47180175781, 64233.83874511719, 65834.20568847656, 67394.53967285156, 69645.88366699219, 70805.82971191406, 72407.59680175781, 74008.216796875, 75407.12670898438, 77008.89379882812, 77293.11380004883, 77577.35678100586, 79177.97677612305, 79462.19677734375, 81062.81677246094]}