{"regret_validation": [0.03258548180262244, 0.03258548180262244, 0.03258548180262244, 0.03258548180262244, 0.03258548180262244, 0.01375536123911536, 0.01375536123911536, 0.01375536123911536, 0.01375536123911536, 0.01375536123911536, 0.01375536123911536, 0.01375536123911536, 0.01375536123911536, 0.01375536123911536, 0.011551837126413944, 0.011551837126413944, 0.011551837126413944, 0.011551837126413944, 0.011551837126413944, 0.011551837126413944, 0.011551837126413944, 0.009548644224802616, 0.009548644224802616, 0.009548644224802616, 0.009248117605845096, 0.009248117605845096, 0.009248117605845096, 0.009248117605845096, 0.009248117605845096, 0.009248117605845096, 0.009248117605845096, 0.009248117605845096, 0.009248117605845096, 0.009248117605845096, 0.009248117605845096, 0.009248117605845096, 0.009248117605845096, 0.009248117605845096, 0.009248117605845096, 0.009248117605845096, 0.009248117605845096, 0.009248117605845096, 0.009248117605845096, 0.009248117605845096, 0.009248117605845096, 0.009248117605845096, 0.009248117605845096, 0.009248117605845096, 0.009248117605845096, 0.009248117605845096, 0.009248117605845096, 0.009248117605845096, 0.009248117605845096, 0.009248117605845096, 0.009248117605845096, 0.009248117605845096, 0.009248117605845096, 0.009248117605845096, 0.009248117605845096, 0.009248117605845096, 0.009248117605845096, 0.007645587126413944, 0.007645587126413944, 0.007645587126413944], "regret_test": [0.02083333333333337, 0.02083333333333337, 0.02083333333333337, 0.02083333333333337, 0.02083333333333337, 0.011919081211090088, 0.011919081211090088, 0.011919081211090088, 0.011919081211090088, 0.011919081211090088, 0.011919081211090088, 0.011919081211090088, 0.011919081211090088, 0.011919081211090088, 0.009147961934407589, 0.009147961934407589, 0.009147961934407589, 0.009147961934407589, 0.009147961934407589, 0.009147961934407589, 0.009147961934407589, 0.010182956854502434, 0.010182956854502434, 0.010182956854502434, 0.009415090084075928, 0.009415090084075928, 0.009415090084075928, 0.009415090084075928, 0.009415090084075928, 0.009415090084075928, 0.009415090084075928, 0.009415090084075928, 0.009415090084075928, 0.009415090084075928, 0.009415090084075928, 0.009415090084075928, 0.009415090084075928, 0.009415090084075928, 0.009415090084075928, 0.009415090084075928, 0.009415090084075928, 0.009415090084075928, 0.009415090084075928, 0.009415090084075928, 0.009415090084075928, 0.009415090084075928, 0.009415090084075928, 0.009415090084075928, 0.009415090084075928, 0.009415090084075928, 0.009415090084075928, 0.009415090084075928, 0.009415090084075928, 0.009415090084075928, 0.009415090084075928, 0.009415090084075928, 0.009415090084075928, 0.009415090084075928, 0.009415090084075928, 0.009415090084075928, 0.009415090084075928, 0.009481827418009514, 0.009481827418009514, 0.009481827418009514], "runtime": [3227.01708984375, 4107.630065917969, 5717.512145996094, 6002.5501708984375, 6286.770172119141, 7106.601165771484, 8683.815155029297, 9629.327117919922, 10332.151092529297, 11484.540008544922, 13000.766082763672, 14035.588104248047, 15387.794158935547, 16418.23812866211, 17451.32504272461, 17952.90103149414, 19042.390045166016, 19708.354034423828, 20653.865997314453, 21599.970977783203, 22332.980010986328, 23724.282012939453, 26203.118927001953, 27055.98892211914, 28472.355865478516, 29956.317779541016, 30240.560760498047, 31186.665740966797, 35136.7038269043, 36656.98678588867, 39701.85885620117, 40709.0178527832, 42600.12893676758, 43752.5178527832, 44037.55587768555, 47518.4440612793, 48524.06002807617, 49259.03707885742, 49543.257080078125, 50799.029052734375, 51744.541015625, 53135.843017578125, 55140.96203613281, 56369.84313964844, 57394.80212402344, 59156.869140625, 60303.838134765625, 62178.238037109375, 63208.26501464844, 63941.27404785156, 64674.28308105469, 65723.59606933594, 67832.00524902344, 68116.22525024414, 68401.26327514648, 69788.64535522461, 71174.75131225586, 72158.77230834961, 73363.67221069336, 75676.09506225586, 77092.46200561523, 78778.94906616211, 79063.16906738281, 81330.51086425781]}