{"regret_validation": [0.01445649067560828, 0.01445649067560828, 0.011551837126413944, 0.011551837126413944, 0.011551837126413944, 0.011551837126413944, 0.011551837126413944, 0.011551837126413944, 0.011551837126413944, 0.011551837126413944, 0.011551837126413944, 0.011551837126413944, 0.011551837126413944, 0.011551837126413944, 0.011551837126413944, 0.011551837126413944, 0.011551837126413944, 0.011551837126413944, 0.011551837126413944, 0.011551837126413944, 0.011551837126413944, 0.011551837126413944, 0.011551837126413944, 0.011551837126413944, 0.011551837126413944, 0.011551837126413944, 0.011551837126413944, 0.011551837126413944, 0.011551837126413944, 0.011551837126413944, 0.011551837126413944, 0.011551837126413944, 0.011551837126413944, 0.011551837126413944, 0.011551837126413944, 0.011551837126413944, 0.011551837126413944, 0.011551837126413944, 0.011551837126413944, 0.011551837126413944, 0.011551837126413944, 0.011551837126413944, 0.011551837126413944, 0.011551837126413944, 0.011551837126413944, 0.011551837126413944, 0.011551837126413944, 0.011551837126413944, 0.011551837126413944, 0.011551837126413944, 0.011551837126413944, 0.011551837126413944, 0.011551837126413944, 0.011551837126413944, 0.011551837126413944, 0.011551837126413944, 0.011551837126413944, 0.011551837126413944, 0.011551837126413944, 0.011551837126413944, 0.011551837126413944, 0.011551837126413944, 0.011551837126413944, 0.011551837126413944, 0.011551837126413944, 0.011551837126413944, 0.011551837126413944, 0.011551837126413944, 0.011551837126413944, 0.011551837126413944, 0.011551837126413944, 0.011551837126413944, 0.011551837126413944, 0.011551837126413944, 0.011551837126413944, 0.011551837126413944, 0.011551837126413944, 0.011551837126413944, 0.011551837126413944, 0.011551837126413944], "regret_test": [0.012720366319020626, 0.012720366319020626, 0.012720366319020626, 0.012720366319020626, 0.012720366319020626, 0.012720366319020626, 0.012720366319020626, 0.012720366319020626, 0.012720366319020626, 0.012720366319020626, 0.012720366319020626, 0.012720366319020626, 0.012720366319020626, 0.012720366319020626, 0.012720366319020626, 0.012720366319020626, 0.012720366319020626, 0.012720366319020626, 0.012720366319020626, 0.012720366319020626, 0.012720366319020626, 0.012720366319020626, 0.012720366319020626, 0.012720366319020626, 0.012720366319020626, 0.012720366319020626, 0.012720366319020626, 0.012720366319020626, 0.012720366319020626, 0.012720366319020626, 0.012720366319020626, 0.012720366319020626, 0.012720366319020626, 0.012720366319020626, 0.012720366319020626, 0.012720366319020626, 0.012720366319020626, 0.012720366319020626, 0.012720366319020626, 0.012720366319020626, 0.012720366319020626, 0.012720366319020626, 0.012720366319020626, 0.012720366319020626, 0.012720366319020626, 0.012720366319020626, 0.012720366319020626, 0.012720366319020626, 0.012720366319020626, 0.012720366319020626, 0.012720366319020626, 0.012720366319020626, 0.012720366319020626, 0.012720366319020626, 0.012720366319020626, 0.012720366319020626, 0.012720366319020626, 0.012720366319020626, 0.012720366319020626, 0.012720366319020626, 0.012720366319020626, 0.012720366319020626, 0.012720366319020626, 0.012720366319020626, 0.012720366319020626, 0.012720366319020626, 0.012720366319020626, 0.012720366319020626, 0.012720366319020626, 0.012720366319020626, 0.012720366319020626, 0.012720366319020626, 0.012720366319020626, 0.012720366319020626, 0.012720366319020626, 0.012720366319020626, 0.012720366319020626, 0.012720366319020626, 0.012720366319020626, 0.012720366319020626], "runtime": [1151.8590087890625, 2303.718017578125, 3456.718017578125, 3958.8920288085938, 5110.751037597656, 6262.610046386719, 6764.7840576171875, 7917.7840576171875, 8584.525024414062, 9736.384033203125, 10888.77294921875, 12041.77294921875, 13194.161865234375, 14347.161865234375, 15499.020874023438, 16652.020874023438, 17318.761840820312, 18051.770874023438, 18718.250854492188, 19378.989868164062, 20531.989868164062, 21383.34686279297, 22535.735778808594, 23688.12469482422, 24539.636657714844, 25692.636657714844, 26194.810668945312, 27347.199584960938, 28500.199584960938, 29001.77557373047, 29854.75653076172, 31240.86248779297, 31907.34246826172, 33059.20147705078, 34211.060485839844, 35364.060485839844, 36517.060485839844, 37669.44940185547, 38821.838317871094, 39488.318298339844, 40874.424255371094, 41376.882263183594, 42528.741271972656, 43680.60028076172, 44832.45928955078, 46218.56524658203, 47371.56524658203, 48524.56524658203, 49677.56524658203, 50179.7392578125, 50920.417236328125, 52073.417236328125, 52599.55822753906, 53752.55822753906, 54604.07019042969, 55755.92919921875, 56258.38720703125, 57411.38720703125, 58563.776123046875, 59716.776123046875, 60869.1650390625, 62021.553955078125, 62688.294921875, 63841.294921875, 64994.294921875, 65496.7529296875, 66163.49389648438, 67465.78088378906, 68618.16979980469, 69771.16979980469, 70923.02880859375, 72075.41772460938, 73228.41772460938, 74381.41772460938, 75053.22973632812, 76205.08874511719, 77356.94775390625, 78508.80676269531, 79661.80676269531, 80814.19567871094]}